{
  "total_images": 957,
  "total_processed": 957,
  "total_failed": 0,
  "splits": {
    "train": {
      "total": 717,
      "processed": 717,
      "failed": 0,
      "fill_rate_mean": 0.4707000118300459,
      "fill_rate_std": 0.00047510347926308304,
      "by_category": {
        "COVID": {
          "count": 229,
          "fill_rate_mean": 0.47072740634190363
        },
        "Normal": {
          "count": 351,
          "fill_rate_mean": 0.4706671831392814
        },
        "Viral_Pneumonia": {
          "count": 137,
          "fill_rate_mean": 0.47073832954714734
        }
      }
    },
    "val": {
      "total": 144,
      "processed": 144,
      "failed": 0,
      "fill_rate_mean": 0.4706707389987246,
      "fill_rate_std": 0.00038088141869168203,
      "by_category": {
        "COVID": {
          "count": 46,
          "fill_rate_mean": 0.4706290379602927
        },
        "Normal": {
          "count": 70,
          "fill_rate_mean": 0.47067750091107863
        },
        "Viral_Pneumonia": {
          "count": 28,
          "fill_rate_mean": 0.470722343066691
        }
      }
    },
    "test": {
      "total": 96,
      "processed": 96,
      "failed": 0,
      "fill_rate_mean": 0.4706339933434312,
      "fill_rate_std": 0.0004426822444695843,
      "by_category": {
        "Viral_Pneumonia": {
          "count": 18,
          "fill_rate_mean": 0.4707828443877551
        },
        "Normal": {
          "count": 47,
          "fill_rate_mean": 0.47059626709726426
        },
        "COVID": {
          "count": 31,
          "fill_rate_mean": 0.4706047615618828
        }
      }
    }
  },
  "overall_fill_rate": {
    "mean": 0.4706889845965817,
    "std": 0.00045939867016560684,
    "min": 0.46217315051020413,
    "max": 0.47088249362244894
  },
  "by_category": {
    "COVID": {
      "total_count": 306,
      "fill_rate_mean": 0.4707001941401561,
      "fill_rate_std": 0.0003788596609567338
    },
    "Normal": {
      "total_count": 468,
      "fill_rate_mean": 0.47066160448554434,
      "fill_rate_std": 0.00054214712414789
    },
    "Viral_Pneumonia": {
      "total_count": 183,
      "fill_rate_mean": 0.47074026203719194,
      "fill_rate_std": 0.00032746616983457213
    }
  }
}