{
  "margin_scale": 1.05,
  "source_dataset": "/home/donrobot/Projects/prediccion_coordenadas/data/dataset/COVID-19_Radiography_Dataset",
  "classes": [
    "COVID",
    "Normal",
    "Viral_Pneumonia"
  ],
  "splits": {
    "train": {
      "total": 11364,
      "processed": 11364,
      "failed": 0,
      "fill_rate_mean": 0.4708417184604175,
      "fill_rate_std": 0.0028514097640096334,
      "by_class": {
        "Normal": {
          "count": 7644,
          "fill_rate_mean": 0.4708705576152165
        },
        "COVID": {
          "count": 2712,
          "fill_rate_mean": 0.4707519795805491
        },
        "Viral_Pneumonia": {
          "count": 1008,
          "fill_rate_mean": 0.47086446185617115
        }
      }
    },
    "val": {
      "total": 2271,
      "processed": 2271,
      "failed": 0,
      "fill_rate_mean": 0.470874340902147,
      "fill_rate_std": 0.00010780677857880866,
      "by_class": {
        "Normal": {
          "count": 1528,
          "fill_rate_mean": 0.470873728663586
        },
        "COVID": {
          "count": 542,
          "fill_rate_mean": 0.4708745878713571
        },
        "Viral_Pneumonia": {
          "count": 201,
          "fill_rate_mean": 0.4708783291768201
        }
      }
    },
    "test": {
      "total": 1518,
      "processed": 1518,
      "failed": 0,
      "fill_rate_mean": 0.4708774126930912,
      "fill_rate_std": 6.152014601955343e-05,
      "by_class": {
        "Viral_Pneumonia": {
          "count": 136,
          "fill_rate_mean": 0.4708688651241747
        },
        "Normal": {
          "count": 1020,
          "fill_rate_mean": 0.47087792148109253
        },
        "COVID": {
          "count": 362,
          "fill_rate_mean": 0.4708791903329012
        }
      }
    }
  },
  "processing_time_minutes": 6.350347745418548
}